date,x,y,scrobbles,topTrack,topArtist,intensity,cover,date.exact,day,y.adjusted
January 1st,7,0,116,花园种花,桃子老师花开富贵,3,https://lastfm.freetls.fastly.net/i/u/500x500/ab145102a37759c59d4360bb853b75af.jpg,2022-01-01,Saturday,1
January 2nd,1,1,126,失恋阵线联盟,草蜢,4,https://lastfm.freetls.fastly.net/i/u/500x500/499b6084c751c5e2a1c25af03b3e1dc8.jpg,2022-01-02,Sunday,2
January 3rd,2,1,85,LOOΠΔ / ODD EYE CIRCLE - Sweet Crazy Love,Beyoncé,3,https://i.scdn.co/image/ab67616d00004851fb3c690920c69107439c2866,2022-01-03,Monday,2
January 4th,3,1,37,Anitta - Boys Don't Cry,Rina Sawayama,1,https://i.scdn.co/image/ab67616d0000485171fe31f1c28cabcde929f401,2022-01-04,Tuesday,2
January 5th,4,1,6,Sky Ferreira - Don’t Forget,Sky Ferreira,1,https://i.scdn.co/image/ab67616d00004851a71f163217d379161421aff6,2022-01-05,Wednesday,2
January 6th,5,1,51,孤星OST,"Steven Grove,塞壬唱片-MSR",1,https://lastfm.freetls.fastly.net/i/u/500x500/5d92ea647b1e2122cb24f8a985ea95b7.jpg,2022-01-06,Thursday,2
January 7th,6,1,5,Anitta - Envolver,Anitta,1,https://i.scdn.co/image/ab67616d0000485132f29a61d5e3c3bb3c7ae510,2022-01-07,Friday,2
January 8th,7,1,143,失恋阵线联盟,草蜢,2,https://lastfm.freetls.fastly.net/i/u/500x500/499b6084c751c5e2a1c25af03b3e1dc8.jpg,2022-01-08,Saturday,2
January 9th,1,2,122,阳光开朗大男孩,卦者灵风,2,https://lastfm.freetls.fastly.net/i/u/500x500/8ebfa652646989c3f2a430158364e1fa.jpg,2022-01-09,Sunday,3
January 10th,2,2,31,ROSALÍA - SAOKO,ROSALÍA,1,https://i.scdn.co/image/ab67616d000048510c179967a265de0fc76382fe,2022-01-10,Monday,3
January 11th,3,2,87,阳光开朗大男孩,卦者灵风,1,https://lastfm.freetls.fastly.net/i/u/500x500/8ebfa652646989c3f2a430158364e1fa.jpg,2022-01-11,Tuesday,3
January 12th,4,2,38,The Beginning: Cupid,FIFTY FIFTY,3,https://lastfm.freetls.fastly.net/i/u/500x500/3056dfd959b3a49b905b21485d5547c1.jpg,2022-01-12,Wednesday,3
January 13th,5,2,121,仙剑奇侠传三 电视剧原声带,青鸟飞鱼,2,https://lastfm.freetls.fastly.net/i/u/500x500/aa0968d42a738b9449ab6b4ff2053830.jpg,2022-01-13,Thursday,3
January 14th,6,2,139,アイドル,YOASOBI,3,https://lastfm.freetls.fastly.net/i/u/500x500/07d04f20ffd79ed81e86b47b06acf1a8.jpg,2022-01-14,Friday,3
January 15th,7,2,78,告白実行委員会 -FLYING SONGS- 恋してる,"HoneyWorks,かぴ",1,https://lastfm.freetls.fastly.net/i/u/500x500/74806b5ff61e4a6447812a646e9d726f.jpg,2022-01-15,Saturday,3
January 16th,1,3,5,Anitta - Meiga e Abusada,Anitta,1,https://i.scdn.co/image/ab67616d00004851b1bd3ec4ceb6f5ffbf3a7de7,2022-01-16,Sunday,4
January 17th,2,3,1,yamishawty - MINECRAFT!,yamishawty,1,https://i.scdn.co/image/ab67616d0000485189c2b0899e128f026e2beba4,2022-01-17,Monday,4
January 18th,3,3,100,Tove Lo - No One Dies from Love,Tove Lo,3,https://i.scdn.co/image/ab67616d00004851d5c0f77cf4c6ad252b9e082a,2022-01-18,Tuesday,4
January 19th,4,3,73,魔杰座,周杰伦,1,https://lastfm.freetls.fastly.net/i/u/500x500/bb10725aeacb9e97c270b279ac0d43cf.jpg,2022-01-19,Wednesday,4
January 20th,5,3,64,The Beginning: Cupid,FIFTY FIFTY,3,https://lastfm.freetls.fastly.net/i/u/500x500/3056dfd959b3a49b905b21485d5547c1.jpg,2022-01-20,Thursday,4
January 21st,6,3,65,告白実行委員会 -FLYING SONGS- 恋してる,"HoneyWorks,かぴ",2,https://lastfm.freetls.fastly.net/i/u/500x500/74806b5ff61e4a6447812a646e9d726f.jpg,2022-01-21,Friday,4
January 22nd,7,3,2,Pabllo Vittar - Flash Pose,Pabllo Vittar,1,https://i.scdn.co/image/ab67616d000048517b736102e553d246154c1a79,2022-01-22,Saturday,4
January 23rd,1,4,29,Kim Petras - Running Up That Hill,Rina Sawayama,1,https://i.scdn.co/image/ab67616d000048515ffafd6246fa55655f15ff7d,2022-01-23,Sunday,5
January 24th,2,4,49,仙剑奇侠传三 电视剧原声带,青鸟飞鱼,1,https://lastfm.freetls.fastly.net/i/u/500x500/aa0968d42a738b9449ab6b4ff2053830.jpg,2022-01-24,Monday,5
January 25th,3,4,35,Liniker e os Caramelows - Caeu,Lorde,1,https://i.scdn.co/image/ab67616d00004851fa34543e07658932f51582da,2022-01-25,Tuesday,5
January 26th,4,4,124,Marina - Happy Loner,Rina Sawayama,4,https://i.scdn.co/image/ab67616d00004851ccbe716313392350f3ce4624,2022-01-26,Wednesday,5
January 27th,5,4,143,約束 -Promise code-,GARNiDELiA,1,https://lastfm.freetls.fastly.net/i/u/300x300/738bcc19f743f76e2838900fbb28dce8,2022-01-27,Thursday,5
January 28th,6,4,65,Ghast - MENINAS MALVADAS,cyber5upremacy,2,https://i.scdn.co/image/ab67616d0000485139df655040aa0f194c6d2972,2022-01-28,Friday,5
January 29th,7,4,2,Rina Sawayama - Tokyo Love Hotel,Rina Sawayama,1,https://i.scdn.co/image/ab67616d000048515b131d745dafd8666254fe96,2022-01-29,Saturday,5
January 30th,1,5,31,アイドル,YOASOBI,4,https://lastfm.freetls.fastly.net/i/u/500x500/07d04f20ffd79ed81e86b47b06acf1a8.jpg,2022-01-30,Sunday,6
January 31st,2,5,68,雪融于烬,"HOYO- Mix,Jonathan Steingard",2,https://lastfm.freetls.fastly.net/i/u/500x500/1b1d6e60db3113a7f67853a335d1712e.jpg,2022-01-31,Monday,6
February 1st,11,0,69,Uniconfication,"Capper,罗言",2,https://lastfm.freetls.fastly.net/i/u/500x500/05e8fc662b4949daba85b95a8e6be359.jpg,2022-02-01,Tuesday,1
February 2nd,12,0,35,アイドル,YOASOBI,2,https://lastfm.freetls.fastly.net/i/u/500x500/07d04f20ffd79ed81e86b47b06acf1a8.jpg,2022-02-02,Wednesday,1
February 3rd,13,0,15,ROSALÍA - SAOKO,ROSALÍA,1,https://i.scdn.co/image/ab67616d000048510c179967a265de0fc76382fe,2022-02-03,Thursday,1
February 4th,14,0,64,魔杰座,周杰伦,4,https://lastfm.freetls.fastly.net/i/u/500x500/bb10725aeacb9e97c270b279ac0d43cf.jpg,2022-02-04,Friday,1
February 5th,15,0,29,Beyoncé - ALIEN SUPERSTAR,Beyoncé,1,https://i.scdn.co/image/ab67616d000048510e58a0f8308c1ad403d105e7,2022-02-05,Saturday,1
February 6th,9,1,63,不问别离,指尖笑,2,https://lastfm.freetls.fastly.net/i/u/500x500/40d7b1d9d245ed781c9a9636e794f2bc.jpg,2022-02-06,Sunday,2
February 7th,10,1,77,UNFORGIVEN,"LE SSERAFIM,Nile Rodgers",3,https://lastfm.freetls.fastly.net/i/u/500x500/b1656648f1645bc12fb1c5cc4e4bd3be.jpg,2022-02-07,Monday,2
February 8th,11,1,3,Journey - Don't Stop Believin',Journey,1,https://i.scdn.co/image/ab67616d00004851c5653f9038e42efad2f8a266,2022-02-08,Tuesday,2
February 9th,12,1,71,BLACKPINK - WHISTLE,BLACKPINK,2,https://i.scdn.co/image/ab67616d00004851ff4ec21d7817138cabcc19bc,2022-02-09,Wednesday,2
February 10th,13,1,33,Marina - Ancient Dreams in a Modern Land,Marina,1,https://i.scdn.co/image/ab67616d0000485136c95d8631f465e6898bccc8,2022-02-10,Thursday,2
February 11th,14,1,113,Daft Punk - Around the World,Glaive,3,https://i.scdn.co/image/ab67616d000048518ac778cc7d88779f74d33311,2022-02-11,Friday,2
February 12th,15,1,82,花园种花,桃子老师花开富贵,1,https://lastfm.freetls.fastly.net/i/u/500x500/ab145102a37759c59d4360bb853b75af.jpg,2022-02-12,Saturday,2
February 13th,9,2,81,Superficial,Heidi Montag,1,https://lastfm.freetls.fastly.net/i/u/500x500/1938c80e16e62848aa48a3d69ea68c69.jpg,2022-02-13,Sunday,3
February 14th,10,2,147,Anitta - Boys Don't Cry,Toby Fox,4,https://i.scdn.co/image/ab67616d0000485171fe31f1c28cabcde929f401,2022-02-14,Monday,3
February 15th,11,2,101,LIM JIMIN - Loveholic,cyber5upremacy,3,https://i.scdn.co/image/ab67616d00004851fbbab3f9fa0744fdbe0609ec,2022-02-15,Tuesday,3
February 16th,12,2,22,Lia Clark - PQP! (Tu Fez do Jeito Que Eu Queria),Lia Clark,1,https://i.scdn.co/image/ab67616d0000485169d375e5ac39c755c6a135d2,2022-02-16,Wednesday,3
February 17th,13,2,7,Lorde - Team,Lorde,1,https://i.scdn.co/image/ab67616d00004851187331e276c898d39764cc98,2022-02-17,Thursday,3
February 18th,14,2,86,SelloRekt / LA Dreams - Beta Girl Lost in Forever,OGRE Sound,3,https://i.scdn.co/image/ab67616d000048513911ba04ef06391d344769c4,2022-02-18,Friday,3
February 19th,15,2,68,流浪地球2电影原声大碟,阿鲲,3,https://lastfm.freetls.fastly.net/i/u/500x500/38c678afd92a66866fbb2d4b2fff290a.jpg,2022-02-19,Saturday,3
February 20th,9,3,44,Gloria Groove - Sobrevivi,Gloria Groove,2,https://i.scdn.co/image/ab67616d000048511eb78f9f52e7ae1cf3282b42,2022-02-20,Sunday,4
February 21st,10,3,74,"Earth, Wind & Fire - September","Earth, Wind & Fire",2,https://i.scdn.co/image/ab67616d000048514dd033f4cf3a0a58059cde69,2022-02-21,Monday,4
February 22nd,11,3,56,The Beginning: Cupid,FIFTY FIFTY,4,https://lastfm.freetls.fastly.net/i/u/500x500/3056dfd959b3a49b905b21485d5547c1.jpg,2022-02-22,Tuesday,4
February 23rd,12,3,2,Marina - Oh No!,Marina,1,https://i.scdn.co/image/ab67616d000048515e586c9004ed2100d5a20427,2022-02-23,Wednesday,4
February 24th,13,3,111,アイドル,YOASOBI,3,https://lastfm.freetls.fastly.net/i/u/500x500/07d04f20ffd79ed81e86b47b06acf1a8.jpg,2022-02-24,Thursday,4
February 25th,14,3,26,Potyguara Bardo - Você Não Existe,Potyguara Bardo,1,https://i.scdn.co/image/ab67616d0000485183a6cf276d1ec69f167ac260,2022-02-25,Friday,4
February 26th,15,3,43,花园种花,桃子老师花开富贵,1,https://lastfm.freetls.fastly.net/i/u/500x500/ab145102a37759c59d4360bb853b75af.jpg,2022-02-26,Saturday,4
February 27th,9,4,120,流浪地球2电影原声大碟,阿鲲,1,https://lastfm.freetls.fastly.net/i/u/500x500/38c678afd92a66866fbb2d4b2fff290a.jpg,2022-02-27,Sunday,5
February 28th,10,4,86,花园种花,桃子老师花开富贵,1,https://lastfm.freetls.fastly.net/i/u/500x500/ab145102a37759c59d4360bb853b75af.jpg,2022-02-28,Monday,5
March 1st,19,0,88,Dayglow - Can I Call You Tonight?,Sky Ferreira,3,https://i.scdn.co/image/ab67616d000048515160eaecb31b739ea1c2eaa5,2022-03-01,Tuesday,1
March 2nd,20,0,47,Lorde - Supercut,Beyoncé,2,https://i.scdn.co/image/ab67616d00004851f8553e18a11209d4becd0336,2022-03-02,Wednesday,1
March 3rd,21,0,85,不问别离,指尖笑,1,https://lastfm.freetls.fastly.net/i/u/500x500/40d7b1d9d245ed781c9a9636e794f2bc.jpg,2022-03-03,Thursday,1
March 4th,22,0,41,崩坏星穹铁道-星间旅行 Interstellar Journ,"HOYO-MiX,茶理理理子",1,https://lastfm.freetls.fastly.net/i/u/500x500/c5dca4afb363369e7ea3d8208e763ba1.jpg,2022-03-04,Friday,1
March 5th,23,0,68,魔杰座,周杰伦,2,https://lastfm.freetls.fastly.net/i/u/500x500/bb10725aeacb9e97c270b279ac0d43cf.jpg,2022-03-05,Saturday,1
March 6th,17,1,0,-,-,0,https://i.imgur.com/uSkLYQP.png,2022-03-06,Sunday,2
March 7th,18,1,32,Marina - E.V.O.L,Marina,1,https://i.scdn.co/image/ab67616d00004851843151b745fa8a9099706823,2022-03-07,Monday,2
March 8th,19,1,118,不问别离,指尖笑,4,https://lastfm.freetls.fastly.net/i/u/500x500/40d7b1d9d245ed781c9a9636e794f2bc.jpg,2022-03-08,Tuesday,2
March 9th,20,1,21,Marina Sena - Por Supuesto,Gloria Groove,1,https://i.scdn.co/image/ab67616d00004851de30b8d43258e41d98b6d435,2022-03-09,Wednesday,2
March 10th,21,1,27,UNFORGIVEN,"LE SSERAFIM,Nile Rodgers",4,https://lastfm.freetls.fastly.net/i/u/500x500/b1656648f1645bc12fb1c5cc4e4bd3be.jpg,2022-03-10,Thursday,2
March 11th,22,1,83,流浪地球2电影原声大碟,阿鲲,1,https://lastfm.freetls.fastly.net/i/u/500x500/38c678afd92a66866fbb2d4b2fff290a.jpg,2022-03-11,Friday,2
March 12th,23,1,37,Kim Petras - Coconuts,brb.,1,https://i.scdn.co/image/ab67616d00004851fe4e15d98f12fa9fe186c39d,2022-03-12,Saturday,2
March 13th,17,2,150,Uniconfication,"Capper,罗言",4,https://lastfm.freetls.fastly.net/i/u/500x500/05e8fc662b4949daba85b95a8e6be359.jpg,2022-03-13,Sunday,3
March 14th,18,2,31,阳光开朗大男孩,卦者灵风,3,https://lastfm.freetls.fastly.net/i/u/500x500/8ebfa652646989c3f2a430158364e1fa.jpg,2022-03-14,Monday,3
March 15th,19,2,65,Gloria Groove - Sobrevivi,Gloria Groove,2,https://i.scdn.co/image/ab67616d000048511eb78f9f52e7ae1cf3282b42,2022-03-15,Tuesday,3
March 16th,20,2,90,The Beginning: Cupid,FIFTY FIFTY,1,https://lastfm.freetls.fastly.net/i/u/500x500/3056dfd959b3a49b905b21485d5547c1.jpg,2022-03-16,Wednesday,3
March 17th,21,2,102,崩坏星穹铁道-星间旅行 Interstellar Journ,"HOYO-MiX,茶理理理子",4,https://lastfm.freetls.fastly.net/i/u/500x500/c5dca4afb363369e7ea3d8208e763ba1.jpg,2022-03-17,Thursday,3
March 18th,22,2,82,崩坏星穹铁道-星间旅行 Interstellar Journ,"HOYO-MiX,茶理理理子",1,https://lastfm.freetls.fastly.net/i/u/500x500/c5dca4afb363369e7ea3d8208e763ba1.jpg,2022-03-18,Friday,3
March 19th,23,2,31,アイドル,YOASOBI,3,https://lastfm.freetls.fastly.net/i/u/500x500/07d04f20ffd79ed81e86b47b06acf1a8.jpg,2022-03-19,Saturday,3
March 20th,17,3,23,Hikaru Utada - 君に夢中,indigo la End,1,https://i.scdn.co/image/ab67616d000048516b6652f833b0a2d5569932ba,2022-03-20,Sunday,4
March 21st,18,3,72,魔杰座,周杰伦,2,https://lastfm.freetls.fastly.net/i/u/500x500/bb10725aeacb9e97c270b279ac0d43cf.jpg,2022-03-21,Monday,4
March 22nd,19,3,149,約束 -Promise code-,GARNiDELiA,3,https://lastfm.freetls.fastly.net/i/u/300x300/738bcc19f743f76e2838900fbb28dce8,2022-03-22,Tuesday,4
March 23rd,20,3,50,Kim Petras - Thr**t Goat,Kim Petras,2,https://i.scdn.co/image/ab67616d00004851b4bbea930ec98602a528f9ea,2022-03-23,Wednesday,4
March 24th,21,3,24,仙剑奇侠传三 电视剧原声带,青鸟飞鱼,2,https://lastfm.freetls.fastly.net/i/u/500x500/aa0968d42a738b9449ab6b4ff2053830.jpg,2022-03-24,Thursday,4
March 25th,22,3,75,仙剑奇侠传三 电视剧原声带,青鸟飞鱼,4,https://lastfm.freetls.fastly.net/i/u/500x500/aa0968d42a738b9449ab6b4ff2053830.jpg,2022-03-25,Friday,4
March 26th,23,3,0,-,-,0,https://i.imgur.com/uSkLYQP.png,2022-03-26,Saturday,4
March 27th,17,4,13,ROSALÍA - BIZCOCHITO,Marina,1,https://i.scdn.co/image/ab67616d000048510c179967a265de0fc76382fe,2022-03-27,Sunday,5
March 28th,18,4,185,Charli XCX - Beg for You (feat. Rina Sawayama),Arca,5,https://i.scdn.co/image/ab67616d00004851f629eb64fd8ef76a97b154f5,2022-03-28,Monday,5
March 29th,19,4,107,仙剑奇侠传三 电视剧原声带,青鸟飞鱼,4,https://lastfm.freetls.fastly.net/i/u/500x500/aa0968d42a738b9449ab6b4ff2053830.jpg,2022-03-29,Tuesday,5
March 30th,20,4,76,阳光开朗大男孩,卦者灵风,4,https://lastfm.freetls.fastly.net/i/u/500x500/8ebfa652646989c3f2a430158364e1fa.jpg,2022-03-30,Wednesday,5
March 31st,21,4,88,Kim Petras - Thr**t Goat,Beyoncé,3,https://i.scdn.co/image/ab67616d00004851b4bbea930ec98602a528f9ea,2022-03-31,Thursday,5
April 1st,30,0,113,Skegss - Paradise,Rina Sawayama,3,https://i.scdn.co/image/ab67616d0000485198c36965b14a067801648020,2022-04-01,Friday,1
April 2nd,31,0,73,中国说唱巅峰对决2023 第一期,法老,3,https://lastfm.freetls.fastly.net/i/u/500x500/19c495e971d7c5b9bc3050459372a034.jpg,2022-04-02,Saturday,1
April 3rd,25,1,118,仙剑奇侠传三 电视剧原声带,青鸟飞鱼,2,https://lastfm.freetls.fastly.net/i/u/500x500/aa0968d42a738b9449ab6b4ff2053830.jpg,2022-04-03,Sunday,2
April 4th,26,1,35,雪融于烬,"HOYO- Mix,Jonathan Steingard",2,https://lastfm.freetls.fastly.net/i/u/500x500/1b1d6e60db3113a7f67853a335d1712e.jpg,2022-04-04,Monday,2
April 5th,27,1,124,仙剑奇侠传三 电视剧原声带,青鸟飞鱼,3,https://lastfm.freetls.fastly.net/i/u/500x500/aa0968d42a738b9449ab6b4ff2053830.jpg,2022-04-05,Tuesday,2
April 6th,28,1,129,魔杰座,周杰伦,2,https://lastfm.freetls.fastly.net/i/u/500x500/bb10725aeacb9e97c270b279ac0d43cf.jpg,2022-04-06,Wednesday,2
April 7th,29,1,141,SEVENTEEN 10th Mini Album 'FML',SEVENTEEN,4,https://lastfm.freetls.fastly.net/i/u/500x500/39f735e8f0b7345484be649431967dcf.jpg,2022-04-07,Thursday,2
April 8th,30,1,72,中国说唱巅峰对决2023 第一期,法老,1,https://lastfm.freetls.fastly.net/i/u/500x500/19c495e971d7c5b9bc3050459372a034.jpg,2022-04-08,Friday,2
April 9th,31,1,11,Lorde - Green Light,Lorde,1,https://i.scdn.co/image/ab67616d00004851f8553e18a11209d4becd0336,2022-04-09,Saturday,2
April 10th,25,2,59,Anitta - Boys Don't Cry,cyber5upremacy,2,https://i.scdn.co/image/ab67616d0000485171fe31f1c28cabcde929f401,2022-04-10,Sunday,3
April 11th,26,2,119,失恋阵线联盟,草蜢,3,https://lastfm.freetls.fastly.net/i/u/500x500/499b6084c751c5e2a1c25af03b3e1dc8.jpg,2022-04-11,Monday,3
April 12th,27,2,25,Marina - Goodbye,Marina,1,https://i.scdn.co/image/ab67616d0000485136c95d8631f465e6898bccc8,2022-04-12,Tuesday,3
April 13th,28,2,1,Bonnie Tyler - Holding Out For A Hero - Single Version,Bonnie Tyler,1,https://i.scdn.co/image/ab67616d000048518cefe8e2f2cfd63ce073fa96,2022-04-13,Wednesday,3
April 14th,29,2,55,Anitta - Boys Don't Cry,Upsahl,2,https://i.scdn.co/image/ab67616d0000485171fe31f1c28cabcde929f401,2022-04-14,Thursday,3
April 15th,30,2,32,CYN - Drinks,Lady Gaga,1,https://i.scdn.co/image/ab67616d00004851ced3e09e03f023fd028c6964,2022-04-15,Friday,3
April 16th,31,2,94,MY WORLD - The 3rd Mini Album,aespa,4,https://lastfm.freetls.fastly.net/i/u/500x500/7bed3103fe7eec82e9fcf78254e9e0a8.jpg,2022-04-16,Saturday,3
April 17th,25,3,2,Grag Queen - ESTILO ANA MARIA,Grag Queen,1,https://i.scdn.co/image/ab67616d0000485119f98ff0808bac83af1b6ec1,2022-04-17,Sunday,4
April 18th,26,3,118,花园种花,桃子老师花开富贵,4,https://lastfm.freetls.fastly.net/i/u/500x500/ab145102a37759c59d4360bb853b75af.jpg,2022-04-18,Monday,4
April 19th,27,3,72,仙剑奇侠传三 电视剧原声带,青鸟飞鱼,2,https://lastfm.freetls.fastly.net/i/u/500x500/aa0968d42a738b9449ab6b4ff2053830.jpg,2022-04-19,Tuesday,4
April 20th,28,3,81,Kim Petras - Massacre,Kim Petras,3,https://i.scdn.co/image/ab67616d00004851c877df6d9a3fe603c85b2871,2022-04-20,Wednesday,4
April 21st,29,3,0,-,-,0,https://i.imgur.com/uSkLYQP.png,2022-04-21,Thursday,4
April 22nd,30,3,1,Kim Petras - Problématique,Kim Petras,1,https://lastfm.freetls.fastly.net/i/u/770x0/a17e38062dc6bd0dec758454b717ba2d.jpg,2022-04-22,Friday,4
April 23rd,31,3,148,雪融于烬,"HOYO- Mix,Jonathan Steingard",4,https://lastfm.freetls.fastly.net/i/u/500x500/1b1d6e60db3113a7f67853a335d1712e.jpg,2022-04-23,Saturday,4
April 24th,25,4,22,UNFORGIVEN,"LE SSERAFIM,Nile Rodgers",4,https://lastfm.freetls.fastly.net/i/u/500x500/b1656648f1645bc12fb1c5cc4e4bd3be.jpg,2022-04-24,Sunday,5
April 25th,26,4,144,UNFORGIVEN,"LE SSERAFIM,Nile Rodgers",1,https://lastfm.freetls.fastly.net/i/u/500x500/b1656648f1645bc12fb1c5cc4e4bd3be.jpg,2022-04-25,Monday,5
April 26th,27,4,107,孤星OST,"Steven Grove,塞壬唱片-MSR",2,https://lastfm.freetls.fastly.net/i/u/500x500/5d92ea647b1e2122cb24f8a985ea95b7.jpg,2022-04-26,Tuesday,5
April 27th,28,4,84,Luísa Sonza - CACHORRINHAS,Kim Petras,3,https://i.scdn.co/image/ab67616d0000485159e51aed13aac657e75a7a5d,2022-04-27,Wednesday,5
April 28th,29,4,22,失恋阵线联盟,草蜢,1,https://lastfm.freetls.fastly.net/i/u/500x500/499b6084c751c5e2a1c25af03b3e1dc8.jpg,2022-04-28,Thursday,5
April 29th,30,4,21,My Chemical Romance - I'm Not Okay (I Promise),Kim Petras,1,https://i.scdn.co/image/ab67616d00004851cab7ae4868e9f9ce6bdfdf43,2022-04-29,Friday,5
April 30th,31,4,79,Rina Sawayama - This Hell,Lady Gaga,2,https://i.scdn.co/image/ab67616d00004851104771507d9c63da11abb6dc,2022-04-30,Saturday,5
May 1st,1,7,77,告白実行委員会 -FLYING SONGS- 恋してる,"HoneyWorks,かぴ",1,https://lastfm.freetls.fastly.net/i/u/500x500/74806b5ff61e4a6447812a646e9d726f.jpg,2022-05-01,Sunday,9
May 2nd,2,7,7,NewJeans - Attention,Carly Rae Jepsen,1,https://i.scdn.co/image/ab67616d000048519d28fd01859073a3ae6ea209,2022-05-02,Monday,9
May 3rd,3,7,0,-,-,0,https://i.imgur.com/uSkLYQP.png,2022-05-03,Tuesday,9
May 4th,4,7,29,Drab Majesty - Oak Wood,Billie Eilish,1,https://i.scdn.co/image/ab67616d00004851a5fbc33a30f137ff8251ada2,2022-05-04,Wednesday,9
May 5th,5,7,17,ROSALÍA - MOTOMAMI,ROSALÍA,1,https://i.scdn.co/image/ab67616d000048510c179967a265de0fc76382fe,2022-05-05,Thursday,9
May 6th,6,7,60,雪融于烬,"HOYO- Mix,Jonathan Steingard",1,https://lastfm.freetls.fastly.net/i/u/500x500/1b1d6e60db3113a7f67853a335d1712e.jpg,2022-05-06,Friday,9
May 7th,7,7,42,Lorde - Buzzcut Season,Lorde,2,https://i.scdn.co/image/ab67616d00004851187331e276c898d39764cc98,2022-05-07,Saturday,9
May 8th,1,8,167,Kali Uchis - telepatía,Kim Petras,5,https://i.scdn.co/image/ab67616d00004851044a5466dac00f7b3c570b99,2022-05-08,Sunday,10
May 9th,2,8,77,孤星OST,"Steven Grove,塞壬唱片-MSR",3,https://lastfm.freetls.fastly.net/i/u/500x500/5d92ea647b1e2122cb24f8a985ea95b7.jpg,2022-05-09,Monday,10
May 10th,3,8,146,花园种花,桃子老师花开富贵,3,https://lastfm.freetls.fastly.net/i/u/500x500/ab145102a37759c59d4360bb853b75af.jpg,2022-05-10,Tuesday,10
May 11th,4,8,36,崩坏星穹铁道-星间旅行 Interstellar Journ,"HOYO-MiX,茶理理理子",3,https://lastfm.freetls.fastly.net/i/u/500x500/c5dca4afb363369e7ea3d8208e763ba1.jpg,2022-05-11,Wednesday,10
May 12th,5,8,107,MY WORLD - The 3rd Mini Album,aespa,2,https://lastfm.freetls.fastly.net/i/u/500x500/7bed3103fe7eec82e9fcf78254e9e0a8.jpg,2022-05-12,Thursday,10
May 13th,6,8,71,雪融于烬,"HOYO- Mix,Jonathan Steingard",1,https://lastfm.freetls.fastly.net/i/u/500x500/1b1d6e60db3113a7f67853a335d1712e.jpg,2022-05-13,Friday,10
May 14th,7,8,65,Kim Petras - Superpower B*tch,Arca,2,https://i.scdn.co/image/ab67616d00004851b4bbea930ec98602a528f9ea,2022-05-14,Saturday,10
May 15th,1,9,0,-,-,0,https://i.imgur.com/uSkLYQP.png,2022-05-15,Sunday,11
May 16th,2,9,157,Kim Petras - In The Next Life,Kim Petras,4,https://i.scdn.co/image/ab67616d00004851c877df6d9a3fe603c85b2871,2022-05-16,Monday,11
May 17th,3,9,104,崩坏星穹铁道-星间旅行 Interstellar Journ,"HOYO-MiX,茶理理理子",1,https://lastfm.freetls.fastly.net/i/u/500x500/c5dca4afb363369e7ea3d8208e763ba1.jpg,2022-05-17,Tuesday,11
May 18th,4,9,101,Lorde - Green Light,Kim Petras,3,https://i.scdn.co/image/ab67616d00004851f8553e18a11209d4becd0336,2022-05-18,Wednesday,11
May 19th,5,9,125,阳光开朗大男孩,卦者灵风,2,https://lastfm.freetls.fastly.net/i/u/500x500/8ebfa652646989c3f2a430158364e1fa.jpg,2022-05-19,Thursday,11
May 20th,6,9,21,Lorde - Perfect Places,Lorde,1,https://i.scdn.co/image/ab67616d00004851f8553e18a11209d4becd0336,2022-05-20,Friday,11
May 21st,7,9,116,中国说唱巅峰对决2023 第一期,法老,3,https://lastfm.freetls.fastly.net/i/u/500x500/19c495e971d7c5b9bc3050459372a034.jpg,2022-05-21,Saturday,11
May 22nd,1,10,38,Uniconfication,"Capper,罗言",3,https://lastfm.freetls.fastly.net/i/u/500x500/05e8fc662b4949daba85b95a8e6be359.jpg,2022-05-22,Sunday,12
May 23rd,2,10,136,仙剑奇侠传三 电视剧原声带,青鸟飞鱼,1,https://lastfm.freetls.fastly.net/i/u/500x500/aa0968d42a738b9449ab6b4ff2053830.jpg,2022-05-23,Monday,12
May 24th,3,10,79,雪融于烬,"HOYO- Mix,Jonathan Steingard",2,https://lastfm.freetls.fastly.net/i/u/500x500/1b1d6e60db3113a7f67853a335d1712e.jpg,2022-05-24,Tuesday,12
May 25th,4,10,64,失恋阵线联盟,草蜢,2,https://lastfm.freetls.fastly.net/i/u/500x500/499b6084c751c5e2a1c25af03b3e1dc8.jpg,2022-05-25,Wednesday,12
May 26th,5,10,74,Pabllo Vittar - Descontrolada,Kim Petras,2,https://i.scdn.co/image/ab67616d00004851cae98a0c9bdf1aa4eebf5110,2022-05-26,Thursday,12
May 27th,6,10,80,Superficial,Heidi Montag,1,https://lastfm.freetls.fastly.net/i/u/500x500/1938c80e16e62848aa48a3d69ea68c69.jpg,2022-05-27,Friday,12
May 28th,7,10,1,Bibi - Life is a Bi…,Bibi,1,https://i.scdn.co/image/ab67616d000048515ab0f207b5e583a951915b2d,2022-05-28,Saturday,12
May 29th,1,11,63,中国说唱巅峰对决2023 第一期,法老,4,https://lastfm.freetls.fastly.net/i/u/500x500/19c495e971d7c5b9bc3050459372a034.jpg,2022-05-29,Sunday,13
May 30th,2,11,89,MY WORLD - The 3rd Mini Album,aespa,4,https://lastfm.freetls.fastly.net/i/u/500x500/7bed3103fe7eec82e9fcf78254e9e0a8.jpg,2022-05-30,Monday,13
May 31st,3,11,22,Arca - Intimate Flesh,Arca,1,https://i.scdn.co/image/ab67616d000048514d8cf86a052ca229b2f72f14,2022-05-31,Tuesday,13
June 1st,12,7,96,Diplo - On My Mind,ROSALÍA,3,https://i.scdn.co/image/ab67616d0000485168c351ff95beef153ddec5ad,2022-06-01,Wednesday,9
June 2nd,13,7,2,cyber5upremacy - Acapulco,cyber5upremacy,1,https://i.scdn.co/image/ab67616d00004851311dd885948fd79fbbd34aa7,2022-06-02,Thursday,9
June 3rd,14,7,26,Kim Petras - Superpower B*tch,Kim Petras,1,https://i.scdn.co/image/ab67616d00004851b4bbea930ec98602a528f9ea,2022-06-03,Friday,9
June 4th,15,7,125,UNFORGIVEN,"LE SSERAFIM,Nile Rodgers",3,https://lastfm.freetls.fastly.net/i/u/500x500/b1656648f1645bc12fb1c5cc4e4bd3be.jpg,2022-06-04,Saturday,9
June 5th,9,8,50,魔杰座,周杰伦,3,https://lastfm.freetls.fastly.net/i/u/500x500/bb10725aeacb9e97c270b279ac0d43cf.jpg,2022-06-05,Sunday,10
June 6th,10,8,47,告白実行委員会 -FLYING SONGS- 恋してる,"HoneyWorks,かぴ",3,https://lastfm.freetls.fastly.net/i/u/500x500/74806b5ff61e4a6447812a646e9d726f.jpg,2022-06-06,Monday,10
June 7th,11,8,37,花园种花,桃子老师花开富贵,1,https://lastfm.freetls.fastly.net/i/u/500x500/ab145102a37759c59d4360bb853b75af.jpg,2022-06-07,Tuesday,10
June 8th,12,8,0,-,-,0,https://i.imgur.com/uSkLYQP.png,2022-06-08,Wednesday,10
June 9th,13,8,89,不问别离,指尖笑,4,https://lastfm.freetls.fastly.net/i/u/500x500/40d7b1d9d245ed781c9a9636e794f2bc.jpg,2022-06-09,Thursday,10
June 10th,14,8,85,雪融于烬,"HOYO- Mix,Jonathan Steingard",2,https://lastfm.freetls.fastly.net/i/u/500x500/1b1d6e60db3113a7f67853a335d1712e.jpg,2022-06-10,Friday,10
June 11th,15,8,61,魔杰座,周杰伦,3,https://lastfm.freetls.fastly.net/i/u/500x500/bb10725aeacb9e97c270b279ac0d43cf.jpg,2022-06-11,Saturday,10
June 12th,9,9,4,Marina - Hollywood - Single Version,Marina,1,https://i.scdn.co/image/ab67616d000048515e586c9004ed2100d5a20427,2022-06-12,Sunday,11
June 13th,10,9,139,Superficial,Heidi Montag,1,https://lastfm.freetls.fastly.net/i/u/500x500/1938c80e16e62848aa48a3d69ea68c69.jpg,2022-06-13,Monday,11
June 14th,11,9,105,The Beginning: Cupid,FIFTY FIFTY,3,https://lastfm.freetls.fastly.net/i/u/500x500/3056dfd959b3a49b905b21485d5547c1.jpg,2022-06-14,Tuesday,11
June 15th,12,9,0,-,-,0,https://i.imgur.com/uSkLYQP.png,2022-06-15,Wednesday,11
June 16th,13,9,89,魔杰座,周杰伦,3,https://lastfm.freetls.fastly.net/i/u/500x500/bb10725aeacb9e97c270b279ac0d43cf.jpg,2022-06-16,Thursday,11
June 17th,14,9,29,Aly & AJ - Am I Alright,Aly & AJ,1,https://i.scdn.co/image/ab67616d00004851e4ddc53edc9d5bc840987aa8,2022-06-17,Friday,11
June 18th,15,9,0,-,-,0,https://i.imgur.com/uSkLYQP.png,2022-06-18,Saturday,11
June 19th,9,10,60,花园种花,桃子老师花开富贵,3,https://lastfm.freetls.fastly.net/i/u/500x500/ab145102a37759c59d4360bb853b75af.jpg,2022-06-19,Sunday,12
June 20th,10,10,2,Kim Petras - Problématique,Kim Petras,1,https://lastfm.freetls.fastly.net/i/u/770x0/a17e38062dc6bd0dec758454b717ba2d.jpg,2022-06-20,Monday,12
June 21st,11,10,19,Carly Rae Jepsen - Surrender My Heart,Carly Rae Jepsen,1,https://i.scdn.co/image/ab67616d00004851820e6b8b6fe77bd0e455eb15,2022-06-21,Tuesday,12
June 22nd,12,10,149,アイドル,YOASOBI,3,https://lastfm.freetls.fastly.net/i/u/500x500/07d04f20ffd79ed81e86b47b06acf1a8.jpg,2022-06-22,Wednesday,12
June 23rd,13,10,125,崩坏星穹铁道-星间旅行 Interstellar Journ,"HOYO-MiX,茶理理理子",3,https://lastfm.freetls.fastly.net/i/u/500x500/c5dca4afb363369e7ea3d8208e763ba1.jpg,2022-06-23,Thursday,12
June 24th,14,10,43,Arca - Bruja,Arca,2,https://i.scdn.co/image/ab67616d000048514d8cf86a052ca229b2f72f14,2022-06-24,Friday,12
June 25th,15,10,31,雪融于烬,"HOYO- Mix,Jonathan Steingard",1,https://lastfm.freetls.fastly.net/i/u/500x500/1b1d6e60db3113a7f67853a335d1712e.jpg,2022-06-25,Saturday,12
June 26th,9,11,32,Uniconfication,"Capper,罗言",2,https://lastfm.freetls.fastly.net/i/u/500x500/05e8fc662b4949daba85b95a8e6be359.jpg,2022-06-26,Sunday,13
June 27th,10,11,1,Kim Petras - Running Up That Hill,Kim Petras,1,https://i.scdn.co/image/ab67616d000048515ffafd6246fa55655f15ff7d,2022-06-27,Monday,13
June 28th,11,11,29,SEVENTEEN 10th Mini Album 'FML',SEVENTEEN,2,https://lastfm.freetls.fastly.net/i/u/500x500/39f735e8f0b7345484be649431967dcf.jpg,2022-06-28,Tuesday,13
June 29th,12,11,104,That Kid - Dial Tone,Waveshaper,3,https://i.scdn.co/image/ab67616d00004851f015176ed1d1dac6aaea9046,2022-06-29,Wednesday,13
June 30th,13,11,93,Karol Conká - Louca e Sagaz (feat. WC no Beat),Pabllo Vittar,3,https://i.scdn.co/image/ab67616d00004851622e4a605298e811169546be,2022-06-30,Thursday,13
July 1st,22,7,88,Superficial,Heidi Montag,1,https://lastfm.freetls.fastly.net/i/u/500x500/1938c80e16e62848aa48a3d69ea68c69.jpg,2022-07-01,Friday,9
July 2nd,23,7,8,Grag Queen - DIN DIRIN DIN,Grag Queen,1,https://i.scdn.co/image/ab67616d0000485119f98ff0808bac83af1b6ec1,2022-07-02,Saturday,9
July 3rd,17,8,22,仙剑奇侠传三 电视剧原声带,青鸟飞鱼,4,https://lastfm.freetls.fastly.net/i/u/500x500/aa0968d42a738b9449ab6b4ff2053830.jpg,2022-07-03,Sunday,10
July 4th,18,8,0,-,-,0,https://i.imgur.com/uSkLYQP.png,2022-07-04,Monday,10
July 5th,19,8,89,告白実行委員会 -FLYING SONGS- 恋してる,"HoneyWorks,かぴ",1,https://lastfm.freetls.fastly.net/i/u/500x500/74806b5ff61e4a6447812a646e9d726f.jpg,2022-07-05,Tuesday,10
July 6th,20,8,66,雪融于烬,"HOYO- Mix,Jonathan Steingard",1,https://lastfm.freetls.fastly.net/i/u/500x500/1b1d6e60db3113a7f67853a335d1712e.jpg,2022-07-06,Wednesday,10
July 7th,21,8,60,The Beginning: Cupid,FIFTY FIFTY,4,https://lastfm.freetls.fastly.net/i/u/500x500/3056dfd959b3a49b905b21485d5547c1.jpg,2022-07-07,Thursday,10
July 8th,22,8,10,Tiësto - Hot In It,Kim Petras,1,https://i.scdn.co/image/ab67616d000048511e8798f25a1997f0679b2382,2022-07-08,Friday,10
July 9th,23,8,136,アイドル,YOASOBI,3,https://lastfm.freetls.fastly.net/i/u/500x500/07d04f20ffd79ed81e86b47b06acf1a8.jpg,2022-07-09,Saturday,10
July 10th,17,9,134,UNFORGIVEN,"LE SSERAFIM,Nile Rodgers",3,https://lastfm.freetls.fastly.net/i/u/500x500/b1656648f1645bc12fb1c5cc4e4bd3be.jpg,2022-07-10,Sunday,11
July 11th,18,9,150,SEVENTEEN 10th Mini Album 'FML',SEVENTEEN,2,https://lastfm.freetls.fastly.net/i/u/500x500/39f735e8f0b7345484be649431967dcf.jpg,2022-07-11,Monday,11
July 12th,19,9,114,仙剑奇侠传三 电视剧原声带,青鸟飞鱼,4,https://lastfm.freetls.fastly.net/i/u/500x500/aa0968d42a738b9449ab6b4ff2053830.jpg,2022-07-12,Tuesday,11
July 13th,20,9,1,Iggy Azalea - Fancy,Iggy Azalea,1,https://i.scdn.co/image/ab67616d00004851a67377dbc9afa69daf2a7ad8,2022-07-13,Wednesday,11
July 14th,21,9,0,-,-,0,https://i.imgur.com/uSkLYQP.png,2022-07-14,Thursday,11
July 15th,22,9,128,不问别离,指尖笑,4,https://lastfm.freetls.fastly.net/i/u/500x500/40d7b1d9d245ed781c9a9636e794f2bc.jpg,2022-07-15,Friday,11
July 16th,23,9,84,魔杰座,周杰伦,4,https://lastfm.freetls.fastly.net/i/u/500x500/bb10725aeacb9e97c270b279ac0d43cf.jpg,2022-07-16,Saturday,11
July 17th,17,10,139,告白実行委員会 -FLYING SONGS- 恋してる,"HoneyWorks,かぴ",2,https://lastfm.freetls.fastly.net/i/u/500x500/74806b5ff61e4a6447812a646e9d726f.jpg,2022-07-17,Sunday,12
July 18th,18,10,116,雪融于烬,"HOYO- Mix,Jonathan Steingard",4,https://lastfm.freetls.fastly.net/i/u/500x500/1b1d6e60db3113a7f67853a335d1712e.jpg,2022-07-18,Monday,12
July 19th,19,10,116,Lady Gaga - Replay,Lady Gaga,3,https://i.scdn.co/image/ab67616d000048516040effba89b9b00a6f6743a,2022-07-19,Tuesday,12
July 20th,20,10,8,Cover Girl - Sweet Little Lies (Switching Vocals),Cover Girl,1,https://i.scdn.co/image/ab67616d000048511053db5ddf5e352eaf7a8f6d,2022-07-20,Wednesday,12
July 21st,21,10,24,阳光开朗大男孩,卦者灵风,3,https://lastfm.freetls.fastly.net/i/u/500x500/8ebfa652646989c3f2a430158364e1fa.jpg,2022-07-21,Thursday,12
July 22nd,22,10,1,Tove Lo - 2 Die 4,Tove Lo,1,https://i.scdn.co/image/ab67616d00004851d5c0f77cf4c6ad252b9e082a,2022-07-22,Friday,12
July 23rd,23,10,93,アイドル,YOASOBI,2,https://lastfm.freetls.fastly.net/i/u/500x500/07d04f20ffd79ed81e86b47b06acf1a8.jpg,2022-07-23,Saturday,12
July 24th,17,11,145,UNFORGIVEN,"LE SSERAFIM,Nile Rodgers",4,https://lastfm.freetls.fastly.net/i/u/500x500/b1656648f1645bc12fb1c5cc4e4bd3be.jpg,2022-07-24,Sunday,13
July 25th,18,11,120,中国说唱巅峰对决2023 第一期,法老,3,https://lastfm.freetls.fastly.net/i/u/500x500/19c495e971d7c5b9bc3050459372a034.jpg,2022-07-25,Monday,13
July 26th,19,11,11,Beyoncé - I'M THAT GIRL,Beyoncé,1,https://i.scdn.co/image/ab67616d000048510e58a0f8308c1ad403d105e7,2022-07-26,Tuesday,13
July 27th,20,11,127,孤星OST,"Steven Grove,塞壬唱片-MSR",1,https://lastfm.freetls.fastly.net/i/u/500x500/5d92ea647b1e2122cb24f8a985ea95b7.jpg,2022-07-27,Wednesday,13
July 28th,21,11,22,アイドル,YOASOBI,1,https://lastfm.freetls.fastly.net/i/u/500x500/07d04f20ffd79ed81e86b47b06acf1a8.jpg,2022-07-28,Thursday,13
July 29th,22,11,6,Kim Petras - Running Up That Hill,Kim Petras,1,https://i.scdn.co/image/ab67616d000048515ffafd6246fa55655f15ff7d,2022-07-29,Friday,13
July 30th,23,11,87,告白実行委員会 -FLYING SONGS- 恋してる,"HoneyWorks,かぴ",1,https://lastfm.freetls.fastly.net/i/u/500x500/74806b5ff61e4a6447812a646e9d726f.jpg,2022-07-30,Saturday,13
July 31st,17,12,132,約束 -Promise code-,GARNiDELiA,4,https://lastfm.freetls.fastly.net/i/u/300x300/738bcc19f743f76e2838900fbb28dce8,2022-07-31,Sunday,14
August 1st,26,7,118,Lorde - Perfect Places,Marina,3,https://i.scdn.co/image/ab67616d00004851f8553e18a11209d4becd0336,2022-08-01,Monday,9
August 2nd,27,7,193,Kero Kero Bonito - Lipslap,Kim Petras,5,https://i.scdn.co/image/ab67616d00004851d1d67dd51d64db70f4b5636a,2022-08-02,Tuesday,9
August 3rd,28,7,112,花园种花,桃子老师花开富贵,2,https://lastfm.freetls.fastly.net/i/u/500x500/ab145102a37759c59d4360bb853b75af.jpg,2022-08-03,Wednesday,9
August 4th,29,7,129,中国说唱巅峰对决2023 第一期,法老,3,https://lastfm.freetls.fastly.net/i/u/500x500/19c495e971d7c5b9bc3050459372a034.jpg,2022-08-04,Thursday,9
August 5th,30,7,119,The Beginning: Cupid,FIFTY FIFTY,3,https://lastfm.freetls.fastly.net/i/u/500x500/3056dfd959b3a49b905b21485d5547c1.jpg,2022-08-05,Friday,9
August 6th,31,7,125,Kali Uchis - telepatía,Gloria Groove,4,https://i.scdn.co/image/ab67616d00004851044a5466dac00f7b3c570b99,2022-08-06,Saturday,9
August 7th,25,8,0,-,-,0,https://i.imgur.com/uSkLYQP.png,2022-08-07,Sunday,10
August 8th,26,8,48,魔杰座,周杰伦,2,https://lastfm.freetls.fastly.net/i/u/500x500/bb10725aeacb9e97c270b279ac0d43cf.jpg,2022-08-08,Monday,10
August 9th,27,8,41,中国说唱巅峰对决2023 第一期,法老,4,https://lastfm.freetls.fastly.net/i/u/500x500/19c495e971d7c5b9bc3050459372a034.jpg,2022-08-09,Tuesday,10
August 10th,28,8,124,魔杰座,周杰伦,4,https://lastfm.freetls.fastly.net/i/u/500x500/bb10725aeacb9e97c270b279ac0d43cf.jpg,2022-08-10,Wednesday,10
August 11th,29,8,5,Danny Bond - Traz o B,Danny Bond,1,https://i.scdn.co/image/ab67616d00004851b97ac37ba0850227ab63c015,2022-08-11,Thursday,10
August 12th,30,8,82,UNFORGIVEN,"LE SSERAFIM,Nile Rodgers",2,https://lastfm.freetls.fastly.net/i/u/500x500/b1656648f1645bc12fb1c5cc4e4bd3be.jpg,2022-08-12,Friday,10
August 13th,31,8,122,アイドル,YOASOBI,2,https://lastfm.freetls.fastly.net/i/u/500x500/07d04f20ffd79ed81e86b47b06acf1a8.jpg,2022-08-13,Saturday,10
August 14th,25,9,31,崩坏星穹铁道-星间旅行 Interstellar Journ,"HOYO-MiX,茶理理理子",3,https://lastfm.freetls.fastly.net/i/u/500x500/c5dca4afb363369e7ea3d8208e763ba1.jpg,2022-08-14,Sunday,11
August 15th,26,9,70,アイドル,YOASOBI,2,https://lastfm.freetls.fastly.net/i/u/500x500/07d04f20ffd79ed81e86b47b06acf1a8.jpg,2022-08-15,Monday,11
August 16th,27,9,117,約束 -Promise code-,GARNiDELiA,3,https://lastfm.freetls.fastly.net/i/u/300x300/738bcc19f743f76e2838900fbb28dce8,2022-08-16,Tuesday,11
August 17th,28,9,14,Valorant - Fire Again,Kim Petras,1,https://i.scdn.co/image/ab67616d00004851995da4ec5a5389e9bd17d6c3,2022-08-17,Wednesday,11
August 18th,29,9,14,Kim Petras - Thr**t Goat,Kim Petras,1,https://i.scdn.co/image/ab67616d00004851b4bbea930ec98602a528f9ea,2022-08-18,Thursday,11
August 19th,30,9,84,花园种花,桃子老师花开富贵,3,https://lastfm.freetls.fastly.net/i/u/500x500/ab145102a37759c59d4360bb853b75af.jpg,2022-08-19,Friday,11
August 20th,31,9,74,告白実行委員会 -FLYING SONGS- 恋してる,"HoneyWorks,かぴ",3,https://lastfm.freetls.fastly.net/i/u/500x500/74806b5ff61e4a6447812a646e9d726f.jpg,2022-08-20,Saturday,11
August 21st,25,10,65,Pitty - Na Sua Estante,Pitty,2,https://i.scdn.co/image/ab67616d000048515a3401f25405fc727b2d58ee,2022-08-21,Sunday,12
August 22nd,26,10,28,ROSALÍA - SAOKO,Rina Sawayama,1,https://i.scdn.co/image/ab67616d000048510c179967a265de0fc76382fe,2022-08-22,Monday,12
August 23rd,27,10,3,Rina Sawayama - XS,Rina Sawayama,1,https://i.scdn.co/image/ab67616d000048515b131d745dafd8666254fe96,2022-08-23,Tuesday,12
August 24th,28,10,45,不问别离,指尖笑,4,https://lastfm.freetls.fastly.net/i/u/500x500/40d7b1d9d245ed781c9a9636e794f2bc.jpg,2022-08-24,Wednesday,12
August 25th,29,10,126,孤星OST,"Steven Grove,塞壬唱片-MSR",4,https://lastfm.freetls.fastly.net/i/u/500x500/5d92ea647b1e2122cb24f8a985ea95b7.jpg,2022-08-25,Thursday,12
August 26th,30,10,77,Uniconfication,"Capper,罗言",4,https://lastfm.freetls.fastly.net/i/u/500x500/05e8fc662b4949daba85b95a8e6be359.jpg,2022-08-26,Friday,12
August 27th,31,10,20,アイドル,YOASOBI,2,https://lastfm.freetls.fastly.net/i/u/500x500/07d04f20ffd79ed81e86b47b06acf1a8.jpg,2022-08-27,Saturday,12
August 28th,25,11,100,Melody - Fake Amor 2,Lisa Ono,3,https://i.scdn.co/image/ab67616d00004851048ca7c250306b79a1f21928,2022-08-28,Sunday,13
August 29th,26,11,23,孤星OST,"Steven Grove,塞壬唱片-MSR",3,https://lastfm.freetls.fastly.net/i/u/500x500/5d92ea647b1e2122cb24f8a985ea95b7.jpg,2022-08-29,Monday,13
August 30th,27,11,39,The Beginning: Cupid,FIFTY FIFTY,1,https://lastfm.freetls.fastly.net/i/u/500x500/3056dfd959b3a49b905b21485d5547c1.jpg,2022-08-30,Tuesday,13
August 31st,28,11,1,Kim Petras - Running Up That Hill,Kim Petras,1,https://i.scdn.co/image/ab67616d000048515ffafd6246fa55655f15ff7d,2022-08-31,Wednesday,13
September 1st,5,14,123,Superficial,Heidi Montag,1,https://lastfm.freetls.fastly.net/i/u/500x500/1938c80e16e62848aa48a3d69ea68c69.jpg,2022-09-01,Thursday,17
September 2nd,6,14,64,Beyoncé - THIQUE,Beyoncé,2,https://i.scdn.co/image/ab67616d000048510e58a0f8308c1ad403d105e7,2022-09-02,Friday,17
September 3rd,7,14,89,流浪地球2电影原声大碟,阿鲲,1,https://lastfm.freetls.fastly.net/i/u/500x500/38c678afd92a66866fbb2d4b2fff290a.jpg,2022-09-03,Saturday,17
September 4th,1,15,55,Pabllo Vittar - Trago Seu Amor de Volta - Live,Potyguara Bardo,2,https://i.scdn.co/image/ab67616d00004851f8400a7740e9a2b70ab9913e,2022-09-04,Sunday,18
September 5th,2,15,122,約束 -Promise code-,GARNiDELiA,2,https://lastfm.freetls.fastly.net/i/u/300x300/738bcc19f743f76e2838900fbb28dce8,2022-09-05,Monday,18
September 6th,3,15,15,Carly Rae Jepsen - The Loneliest Time (feat. Rufus Wainwright),Carly Rae Jepsen,1,https://i.scdn.co/image/ab67616d00004851820e6b8b6fe77bd0e455eb15,2022-09-06,Tuesday,18
September 7th,4,15,10,Kali Uchis - Dead to Me,Kali Uchis,1,https://i.scdn.co/image/ab67616d0000485190b4e1905b1fc48c537ec053,2022-09-07,Wednesday,18
September 8th,5,15,31,Beyoncé - I'M THAT GIRL,Beyoncé,1,https://i.scdn.co/image/ab67616d000048510e58a0f8308c1ad403d105e7,2022-09-08,Thursday,18
September 9th,6,15,120,阳光开朗大男孩,卦者灵风,3,https://lastfm.freetls.fastly.net/i/u/500x500/8ebfa652646989c3f2a430158364e1fa.jpg,2022-09-09,Friday,18
September 10th,7,15,113,Tove Lo - 2 Die 4,Arca,3,https://i.scdn.co/image/ab67616d00004851d5c0f77cf4c6ad252b9e082a,2022-09-10,Saturday,18
September 11th,1,16,103,花园种花,桃子老师花开富贵,4,https://lastfm.freetls.fastly.net/i/u/500x500/ab145102a37759c59d4360bb853b75af.jpg,2022-09-11,Sunday,19
September 12th,2,16,116,Lorde - Stoned at the Nail Salon,Lorde,3,https://i.scdn.co/image/ab67616d0000485136615a0a60523dd62135ab3a,2022-09-12,Monday,19
September 13th,3,16,64,MY WORLD - The 3rd Mini Album,aespa,4,https://lastfm.freetls.fastly.net/i/u/500x500/7bed3103fe7eec82e9fcf78254e9e0a8.jpg,2022-09-13,Tuesday,19
September 14th,4,16,54,アイドル,YOASOBI,1,https://lastfm.freetls.fastly.net/i/u/500x500/07d04f20ffd79ed81e86b47b06acf1a8.jpg,2022-09-14,Wednesday,19
September 15th,5,16,50,不问别离,指尖笑,3,https://lastfm.freetls.fastly.net/i/u/500x500/40d7b1d9d245ed781c9a9636e794f2bc.jpg,2022-09-15,Thursday,19
September 16th,6,16,147,崩坏星穹铁道-星间旅行 Interstellar Journ,"HOYO-MiX,茶理理理子",4,https://lastfm.freetls.fastly.net/i/u/500x500/c5dca4afb363369e7ea3d8208e763ba1.jpg,2022-09-16,Friday,19
September 17th,7,16,55,UNFORGIVEN,"LE SSERAFIM,Nile Rodgers",4,https://lastfm.freetls.fastly.net/i/u/500x500/b1656648f1645bc12fb1c5cc4e4bd3be.jpg,2022-09-17,Saturday,19
September 18th,1,17,51,ROSALÍA - CUUUUuuuuuute,ROSALÍA,2,https://i.scdn.co/image/ab67616d000048510c179967a265de0fc76382fe,2022-09-18,Sunday,20
September 19th,2,17,36,中国说唱巅峰对决2023 第一期,法老,4,https://lastfm.freetls.fastly.net/i/u/500x500/19c495e971d7c5b9bc3050459372a034.jpg,2022-09-19,Monday,20
September 20th,3,17,106,Kali Uchis - telepatía,Kali Uchis,3,https://i.scdn.co/image/ab67616d00004851044a5466dac00f7b3c570b99,2022-09-20,Tuesday,20
September 21st,4,17,38,Uniconfication,"Capper,罗言",4,https://lastfm.freetls.fastly.net/i/u/500x500/05e8fc662b4949daba85b95a8e6be359.jpg,2022-09-21,Wednesday,20
September 22nd,5,17,142,中国说唱巅峰对决2023 第一期,法老,4,https://lastfm.freetls.fastly.net/i/u/500x500/19c495e971d7c5b9bc3050459372a034.jpg,2022-09-22,Thursday,20
September 23rd,6,17,93,約束 -Promise code-,GARNiDELiA,4,https://lastfm.freetls.fastly.net/i/u/300x300/738bcc19f743f76e2838900fbb28dce8,2022-09-23,Friday,20
September 24th,7,17,46,中国说唱巅峰对决2023 第一期,法老,2,https://lastfm.freetls.fastly.net/i/u/500x500/19c495e971d7c5b9bc3050459372a034.jpg,2022-09-24,Saturday,20
September 25th,1,18,138,雪融于烬,"HOYO- Mix,Jonathan Steingard",3,https://lastfm.freetls.fastly.net/i/u/500x500/1b1d6e60db3113a7f67853a335d1712e.jpg,2022-09-25,Sunday,21
September 26th,2,18,26,仙剑奇侠传三 电视剧原声带,青鸟飞鱼,4,https://lastfm.freetls.fastly.net/i/u/500x500/aa0968d42a738b9449ab6b4ff2053830.jpg,2022-09-26,Monday,21
September 27th,3,18,61,ROSALÍA - CHICKEN TERIYAKI,cyber5upremacy,2,https://i.scdn.co/image/ab67616d000048510c179967a265de0fc76382fe,2022-09-27,Tuesday,21
September 28th,4,18,41,ROSALÍA - CHICKEN TERIYAKI,cyber5upremacy,2,https://i.scdn.co/image/ab67616d000048510c179967a265de0fc76382fe,2022-09-28,Wednesday,21
September 29th,5,18,1,Tove Lo - 2 Die 4,Tove Lo,1,https://i.scdn.co/image/ab67616d00004851d5c0f77cf4c6ad252b9e082a,2022-09-29,Thursday,21
September 30th,6,18,46,魔杰座,周杰伦,2,https://lastfm.freetls.fastly.net/i/u/500x500/bb10725aeacb9e97c270b279ac0d43cf.jpg,2022-09-30,Friday,21
October 1st,15,14,48,Superficial,Heidi Montag,4,https://lastfm.freetls.fastly.net/i/u/500x500/1938c80e16e62848aa48a3d69ea68c69.jpg,2022-10-01,Saturday,17
October 2nd,9,15,1,Anitta - Envolver,Anitta,1,https://i.scdn.co/image/ab67616d0000485132f29a61d5e3c3bb3c7ae510,2022-10-02,Sunday,18
October 3rd,10,15,42,阳光开朗大男孩,卦者灵风,1,https://lastfm.freetls.fastly.net/i/u/500x500/8ebfa652646989c3f2a430158364e1fa.jpg,2022-10-03,Monday,18
October 4th,11,15,6,Dom Dolla - Pump the Brakes,Dom Dolla,1,https://i.scdn.co/image/ab67616d00004851899721e4b2a711f04615871f,2022-10-04,Tuesday,18
October 5th,12,15,107,孤星OST,"Steven Grove,塞壬唱片-MSR",1,https://lastfm.freetls.fastly.net/i/u/500x500/5d92ea647b1e2122cb24f8a985ea95b7.jpg,2022-10-05,Wednesday,18
October 6th,13,15,30,仙剑奇侠传三 电视剧原声带,青鸟飞鱼,2,https://lastfm.freetls.fastly.net/i/u/500x500/aa0968d42a738b9449ab6b4ff2053830.jpg,2022-10-06,Thursday,18
October 7th,14,15,51,流浪地球2电影原声大碟,阿鲲,4,https://lastfm.freetls.fastly.net/i/u/500x500/38c678afd92a66866fbb2d4b2fff290a.jpg,2022-10-07,Friday,18
October 8th,15,15,133,中国说唱巅峰对决2023 第一期,法老,2,https://lastfm.freetls.fastly.net/i/u/500x500/19c495e971d7c5b9bc3050459372a034.jpg,2022-10-08,Saturday,18
October 9th,9,16,113,Sam Smith - Unholy (feat. Kim Petras),Pabllo Vittar,3,https://i.scdn.co/image/ab67616d00004851a935e4689f15953311772cc4,2022-10-09,Sunday,19
October 10th,10,16,0,-,-,0,https://i.imgur.com/uSkLYQP.png,2022-10-10,Monday,19
October 11th,11,16,31,孤星OST,"Steven Grove,塞壬唱片-MSR",2,https://lastfm.freetls.fastly.net/i/u/500x500/5d92ea647b1e2122cb24f8a985ea95b7.jpg,2022-10-11,Tuesday,19
October 12th,12,16,10,Kim Petras - Purgatory,Kim Petras,1,https://i.scdn.co/image/ab67616d00004851c877df6d9a3fe603c85b2871,2022-10-12,Wednesday,19
October 13th,13,16,83,失恋阵线联盟,草蜢,2,https://lastfm.freetls.fastly.net/i/u/500x500/499b6084c751c5e2a1c25af03b3e1dc8.jpg,2022-10-13,Thursday,19
October 14th,14,16,39,"Kali Uchis - After the Storm (feat. Tyler, the Creator & Bootsy Collins)",ROSALÍA,1,https://i.scdn.co/image/ab67616d0000485190b4e1905b1fc48c537ec053,2022-10-14,Friday,19
October 15th,15,16,200,Kim Petras - They Wanna F*ck,Kim Petras,5,https://i.scdn.co/image/ab67616d00004851b4bbea930ec98602a528f9ea,2022-10-15,Saturday,19
October 16th,9,17,133,仙剑奇侠传三 电视剧原声带,青鸟飞鱼,3,https://lastfm.freetls.fastly.net/i/u/500x500/aa0968d42a738b9449ab6b4ff2053830.jpg,2022-10-16,Sunday,20
October 17th,10,17,117,花园种花,桃子老师花开富贵,4,https://lastfm.freetls.fastly.net/i/u/500x500/ab145102a37759c59d4360bb853b75af.jpg,2022-10-17,Monday,20
October 18th,11,17,110,アイドル,YOASOBI,2,https://lastfm.freetls.fastly.net/i/u/500x500/07d04f20ffd79ed81e86b47b06acf1a8.jpg,2022-10-18,Tuesday,20
October 19th,12,17,20,流浪地球2电影原声大碟,阿鲲,2,https://lastfm.freetls.fastly.net/i/u/500x500/38c678afd92a66866fbb2d4b2fff290a.jpg,2022-10-19,Wednesday,20
October 20th,13,17,132,Uniconfication,"Capper,罗言",1,https://lastfm.freetls.fastly.net/i/u/500x500/05e8fc662b4949daba85b95a8e6be359.jpg,2022-10-20,Thursday,20
October 21st,14,17,74,The Beginning: Cupid,FIFTY FIFTY,1,https://lastfm.freetls.fastly.net/i/u/500x500/3056dfd959b3a49b905b21485d5547c1.jpg,2022-10-21,Friday,20
October 22nd,15,17,169,Gloria Groove - TUA INDECISÃO,Gloria Groove,5,https://i.scdn.co/image/ab67616d000048511eb78f9f52e7ae1cf3282b42,2022-10-22,Saturday,20
October 23rd,9,18,112,Charli XCX - Unlock it (Lock It) - feat. Kim Petras and Jay Park,Gloria Groove,3,https://i.scdn.co/image/ab67616d00004851c61a793955ac590e672eafe8,2022-10-23,Sunday,21
October 24th,10,18,124,Charli XCX - Baby,One Direction,4,https://i.scdn.co/image/ab67616d00004851f629eb64fd8ef76a97b154f5,2022-10-24,Monday,21
October 25th,11,18,98,告白実行委員会 -FLYING SONGS- 恋してる,"HoneyWorks,かぴ",1,https://lastfm.freetls.fastly.net/i/u/500x500/74806b5ff61e4a6447812a646e9d726f.jpg,2022-10-25,Tuesday,21
October 26th,12,18,29,花园种花,桃子老师花开富贵,1,https://lastfm.freetls.fastly.net/i/u/500x500/ab145102a37759c59d4360bb853b75af.jpg,2022-10-26,Wednesday,21
October 27th,13,18,94,Lorde - Supercut,Lorde,3,https://i.scdn.co/image/ab67616d00004851f8553e18a11209d4becd0336,2022-10-27,Thursday,21
October 28th,14,18,65,UNFORGIVEN,"LE SSERAFIM,Nile Rodgers",1,https://lastfm.freetls.fastly.net/i/u/500x500/b1656648f1645bc12fb1c5cc4e4bd3be.jpg,2022-10-28,Friday,21
October 29th,15,18,47,不问别离,指尖笑,2,https://lastfm.freetls.fastly.net/i/u/500x500/40d7b1d9d245ed781c9a9636e794f2bc.jpg,2022-10-29,Saturday,21
October 30th,9,19,62,Kali Uchis - Dead to Me,Kali Uchis,2,https://i.scdn.co/image/ab67616d0000485190b4e1905b1fc48c537ec053,2022-10-30,Sunday,22
October 31st,10,19,70,仙剑奇侠传三 电视剧原声带,青鸟飞鱼,1,https://lastfm.freetls.fastly.net/i/u/500x500/aa0968d42a738b9449ab6b4ff2053830.jpg,2022-10-31,Monday,22
November 1st,19,14,119,中国说唱巅峰对决2023 第一期,法老,3,https://lastfm.freetls.fastly.net/i/u/500x500/19c495e971d7c5b9bc3050459372a034.jpg,2022-11-01,Tuesday,17
November 2nd,20,14,49,仙剑奇侠传三 电视剧原声带,青鸟飞鱼,3,https://lastfm.freetls.fastly.net/i/u/500x500/aa0968d42a738b9449ab6b4ff2053830.jpg,2022-11-02,Wednesday,17
November 3rd,21,14,0,-,-,0,https://i.imgur.com/uSkLYQP.png,2022-11-03,Thursday,17
November 4th,22,14,0,-,-,0,https://i.imgur.com/uSkLYQP.png,2022-11-04,Friday,17
November 5th,23,14,121,告白実行委員会 -FLYING SONGS- 恋してる,"HoneyWorks,かぴ",1,https://lastfm.freetls.fastly.net/i/u/500x500/74806b5ff61e4a6447812a646e9d726f.jpg,2022-11-05,Saturday,17
November 6th,17,15,24,告白実行委員会 -FLYING SONGS- 恋してる,"HoneyWorks,かぴ",3,https://lastfm.freetls.fastly.net/i/u/500x500/74806b5ff61e4a6447812a646e9d726f.jpg,2022-11-06,Sunday,18
November 7th,18,15,18,That Kid - Dial Tone,That Kid,1,https://i.scdn.co/image/ab67616d00004851f015176ed1d1dac6aaea9046,2022-11-07,Monday,18
November 8th,19,15,80,失恋阵线联盟,草蜢,2,https://lastfm.freetls.fastly.net/i/u/500x500/499b6084c751c5e2a1c25af03b3e1dc8.jpg,2022-11-08,Tuesday,18
November 9th,20,15,79,流浪地球2电影原声大碟,阿鲲,1,https://lastfm.freetls.fastly.net/i/u/500x500/38c678afd92a66866fbb2d4b2fff290a.jpg,2022-11-09,Wednesday,18
November 10th,21,15,45,Lorde - Perfect Places,Kim Petras,2,https://i.scdn.co/image/ab67616d00004851f8553e18a11209d4becd0336,2022-11-10,Thursday,18
November 11th,22,15,93,孤星OST,"Steven Grove,塞壬唱片-MSR",1,https://lastfm.freetls.fastly.net/i/u/500x500/5d92ea647b1e2122cb24f8a985ea95b7.jpg,2022-11-11,Friday,18
November 12th,23,15,118,Anitta - Boys Don't Cry,Anitta,3,https://i.scdn.co/image/ab67616d0000485171fe31f1c28cabcde929f401,2022-11-12,Saturday,18
November 13th,17,16,11,Tove Lo - Grapefruit,Tove Lo,1,https://i.scdn.co/image/ab67616d00004851d5c0f77cf4c6ad252b9e082a,2022-11-13,Sunday,19
November 14th,18,16,129,孤星OST,"Steven Grove,塞壬唱片-MSR",3,https://lastfm.freetls.fastly.net/i/u/500x500/5d92ea647b1e2122cb24f8a985ea95b7.jpg,2022-11-14,Monday,19
November 15th,19,16,69,雪融于烬,"HOYO- Mix,Jonathan Steingard",1,https://lastfm.freetls.fastly.net/i/u/500x500/1b1d6e60db3113a7f67853a335d1712e.jpg,2022-11-15,Tuesday,19
November 16th,20,16,66,魔杰座,周杰伦,2,https://lastfm.freetls.fastly.net/i/u/500x500/bb10725aeacb9e97c270b279ac0d43cf.jpg,2022-11-16,Wednesday,19
November 17th,21,16,82,Lorde - Homemade Dynamite,Kim Petras,3,https://i.scdn.co/image/ab67616d00004851f8553e18a11209d4becd0336,2022-11-17,Thursday,19
November 18th,22,16,45,仙剑奇侠传三 电视剧原声带,青鸟飞鱼,3,https://lastfm.freetls.fastly.net/i/u/500x500/aa0968d42a738b9449ab6b4ff2053830.jpg,2022-11-18,Friday,19
November 19th,23,16,41,The Beginning: Cupid,FIFTY FIFTY,4,https://lastfm.freetls.fastly.net/i/u/500x500/3056dfd959b3a49b905b21485d5547c1.jpg,2022-11-19,Saturday,19
November 20th,17,17,21,virgingod - deixe seu recado,ROSALÍA,1,https://i.scdn.co/image/ab67616d000048510eadef50412648357cf798c8,2022-11-20,Sunday,20
November 21st,18,17,130,流浪地球2电影原声大碟,阿鲲,3,https://lastfm.freetls.fastly.net/i/u/500x500/38c678afd92a66866fbb2d4b2fff290a.jpg,2022-11-21,Monday,20
November 22nd,19,17,93,雪融于烬,"HOYO- Mix,Jonathan Steingard",3,https://lastfm.freetls.fastly.net/i/u/500x500/1b1d6e60db3113a7f67853a335d1712e.jpg,2022-11-22,Tuesday,20
November 23rd,20,17,108,UNFORGIVEN,"LE SSERAFIM,Nile Rodgers",1,https://lastfm.freetls.fastly.net/i/u/500x500/b1656648f1645bc12fb1c5cc4e4bd3be.jpg,2022-11-23,Wednesday,20
November 24th,21,17,107,花园种花,桃子老师花开富贵,1,https://lastfm.freetls.fastly.net/i/u/500x500/ab145102a37759c59d4360bb853b75af.jpg,2022-11-24,Thursday,20
November 25th,22,17,76,Sky Ferreira - Ain’t Your Right,ROSALÍA,2,https://i.scdn.co/image/ab67616d00004851d39843a4927d1dd474978d23,2022-11-25,Friday,20
November 26th,23,17,21,Charli XCX - Good Ones,Lorde,1,https://i.scdn.co/image/ab67616d00004851f629eb64fd8ef76a97b154f5,2022-11-26,Saturday,20
November 27th,17,18,27,Lorde - Green Light,Lorde,1,https://i.scdn.co/image/ab67616d00004851f8553e18a11209d4becd0336,2022-11-27,Sunday,21
November 28th,18,18,12,Carly Rae Jepsen - The Loneliest Time (feat. Rufus Wainwright),Carly Rae Jepsen,1,https://i.scdn.co/image/ab67616d00004851820e6b8b6fe77bd0e455eb15,2022-11-28,Monday,21
November 29th,19,18,147,MY WORLD - The 3rd Mini Album,aespa,4,https://lastfm.freetls.fastly.net/i/u/500x500/7bed3103fe7eec82e9fcf78254e9e0a8.jpg,2022-11-29,Tuesday,21
November 30th,20,18,26,流浪地球2电影原声大碟,阿鲲,3,https://lastfm.freetls.fastly.net/i/u/500x500/38c678afd92a66866fbb2d4b2fff290a.jpg,2022-11-30,Wednesday,21
December 1st,29,14,109,Marina Sena - Me Toca,Gloria Groove,3,https://i.scdn.co/image/ab67616d00004851de30b8d43258e41d98b6d435,2022-12-01,Thursday,17
December 2nd,30,14,3,Marina - E.V.O.L,Marina,1,https://i.scdn.co/image/ab67616d00004851843151b745fa8a9099706823,2022-12-02,Friday,17
December 3rd,31,14,39,Potyguara Bardo - Oasis (Ao Vivo no Estúdio MangoLab),Kim Petras,1,https://i.scdn.co/image/ab67616d0000485147309606034fbf178c6bbfe7,2022-12-03,Saturday,17
December 4th,25,15,62,UNFORGIVEN,"LE SSERAFIM,Nile Rodgers",1,https://lastfm.freetls.fastly.net/i/u/500x500/b1656648f1645bc12fb1c5cc4e4bd3be.jpg,2022-12-04,Sunday,18
December 5th,26,15,28,崩坏星穹铁道-星间旅行 Interstellar Journ,"HOYO-MiX,茶理理理子",3,https://lastfm.freetls.fastly.net/i/u/500x500/c5dca4afb363369e7ea3d8208e763ba1.jpg,2022-12-05,Monday,18
December 6th,27,15,0,-,-,0,https://i.imgur.com/uSkLYQP.png,2022-12-06,Tuesday,18
December 7th,28,15,26,魔杰座,周杰伦,2,https://lastfm.freetls.fastly.net/i/u/500x500/bb10725aeacb9e97c270b279ac0d43cf.jpg,2022-12-07,Wednesday,18
December 8th,29,15,21,不问别离,指尖笑,1,https://lastfm.freetls.fastly.net/i/u/500x500/40d7b1d9d245ed781c9a9636e794f2bc.jpg,2022-12-08,Thursday,18
December 9th,30,15,156,Waveshaper - You Are the End,OGRE Sound,4,https://i.scdn.co/image/ab67616d000048519ab84cdf4fa3f991708f7001,2022-12-09,Friday,18
December 10th,31,15,56,Britney Spears - ...Baby One More Time,Britney Spears,2,https://i.scdn.co/image/ab67616d000048518e49866860c25afffe2f1a02,2022-12-10,Saturday,18
December 11th,25,16,68,告白実行委員会 -FLYING SONGS- 恋してる,"HoneyWorks,かぴ",2,https://lastfm.freetls.fastly.net/i/u/500x500/74806b5ff61e4a6447812a646e9d726f.jpg,2022-12-11,Sunday,19
December 12th,26,16,0,-,-,0,https://i.imgur.com/uSkLYQP.png,2022-12-12,Monday,19
December 13th,27,16,55,Kim Petras - Sl*t Pop,Kim Petras,2,https://i.scdn.co/image/ab67616d00004851b4bbea930ec98602a528f9ea,2022-12-13,Tuesday,19
December 14th,28,16,92,Amaarae - SAD GIRLZ LUV MONEY Remix (feat. Kali Uchis and Moliy),ROSALÍA,3,https://i.scdn.co/image/ab67616d00004851e859698c8fe21d42a13ec252,2022-12-14,Wednesday,19
December 15th,29,16,4,Kali Uchis - telepatía,Kali Uchis,1,https://i.scdn.co/image/ab67616d00004851044a5466dac00f7b3c570b99,2022-12-15,Thursday,19
December 16th,30,16,87,Uniconfication,"Capper,罗言",1,https://lastfm.freetls.fastly.net/i/u/500x500/05e8fc662b4949daba85b95a8e6be359.jpg,2022-12-16,Friday,19
December 17th,31,16,84,流浪地球2电影原声大碟,阿鲲,4,https://lastfm.freetls.fastly.net/i/u/500x500/38c678afd92a66866fbb2d4b2fff290a.jpg,2022-12-17,Saturday,19
December 18th,25,17,20,NewJeans - Attention,Kim Petras,1,https://i.scdn.co/image/ab67616d000048519d28fd01859073a3ae6ea209,2022-12-18,Sunday,20
December 19th,26,17,70,約束 -Promise code-,GARNiDELiA,3,https://lastfm.freetls.fastly.net/i/u/300x300/738bcc19f743f76e2838900fbb28dce8,2022-12-19,Monday,20
December 20th,27,17,31,孤星OST,"Steven Grove,塞壬唱片-MSR",4,https://lastfm.freetls.fastly.net/i/u/500x500/5d92ea647b1e2122cb24f8a985ea95b7.jpg,2022-12-20,Tuesday,20
December 21st,28,17,37,告白実行委員会 -FLYING SONGS- 恋してる,"HoneyWorks,かぴ",3,https://lastfm.freetls.fastly.net/i/u/500x500/74806b5ff61e4a6447812a646e9d726f.jpg,2022-12-21,Wednesday,20
December 22nd,29,17,1,IVE - After LIKE,IVE,1,https://i.scdn.co/image/ab67616d0000485187f53da5fb4ab1171766b2d5,2022-12-22,Thursday,20
December 23rd,30,17,3,Katy Perry - Dark Horse,Daft Punk,1,https://i.scdn.co/image/ab67616d0000485147f930accd8ac01686401fa2,2022-12-23,Friday,20
December 24th,31,17,103,SEVENTEEN 10th Mini Album 'FML',SEVENTEEN,3,https://lastfm.freetls.fastly.net/i/u/500x500/39f735e8f0b7345484be649431967dcf.jpg,2022-12-24,Saturday,20
December 25th,25,18,55,SEVENTEEN 10th Mini Album 'FML',SEVENTEEN,4,https://lastfm.freetls.fastly.net/i/u/500x500/39f735e8f0b7345484be649431967dcf.jpg,2022-12-25,Sunday,21
December 26th,26,18,66,Aly & AJ - Potential Breakup Song,Luísa Sonza,2,https://i.scdn.co/image/ab67616d000048519642e82608c68ebc941755de,2022-12-26,Monday,21
December 27th,27,18,7,cupcakKe - CPR,Ghast,1,https://i.scdn.co/image/ab67616d00004851a4f60cad35fd83731fa17168,2022-12-27,Tuesday,21
December 28th,28,18,79,雪融于烬,"HOYO- Mix,Jonathan Steingard",2,https://lastfm.freetls.fastly.net/i/u/500x500/1b1d6e60db3113a7f67853a335d1712e.jpg,2022-12-28,Wednesday,21
December 29th,29,18,68,雪融于烬,"HOYO- Mix,Jonathan Steingard",2,https://lastfm.freetls.fastly.net/i/u/500x500/1b1d6e60db3113a7f67853a335d1712e.jpg,2022-12-29,Thursday,21
December 30th,30,18,1,Kim Petras - Treat Me Like a Sl*t,Kim Petras,1,https://i.scdn.co/image/ab67616d00004851b4bbea930ec98602a528f9ea,2022-12-30,Friday,21
December 31st,31,18,27,崩坏星穹铁道-星间旅行 Interstellar Journ,"HOYO-MiX,茶理理理子",4,https://lastfm.freetls.fastly.net/i/u/500x500/c5dca4afb363369e7ea3d8208e763ba1.jpg,2022-12-31,Saturday,21
